<xml xmlns="https://developers.google.com/blockly/xml">
  <block type="s4d_on_member_join" id="NAbW!u7]06;)Cv%c976o" x="85" y="147"></block>
  <block type="s4d_login" id=")O7+PL3eS1Br}h;?X9N$" x="288" y="163">
    <value name="TOKEN">
      <block type="text" id="a7JxIIyK[Yr~TPL^-{W:">
        <field name="TEXT">MTA3MDAyODA0ODI0NzgzMjc0OA.Gu8Tfx.BMAGo4u0Cqx1rnr2wsw8ao2HMKYTKjsUsXrmh8</field>
      </block>
    </value>
  </block>
  <block type="s4d_on_message" id="Qx+aIDM=_,mj^tl$vGmW" x="85" y="320">
    <statement name="STATEMENTS">
      <block type="controls_if" id="Cr$f.P2*Nq2Dl}?D!r`(">
        <value name="IF0">
          <block type="logic_compare" id="oq-Tf{oSnv,],{N*FSF|">
            <field name="OP">EQ</field>
            <value name="A">
              <block type="s4d_message_content" id="pyFMNvR6J#o6Ky/UA~]f"></block>
            </value>
            <value name="B">
              <block type="text" id=";[??XKp36YJf2U}j2_}e">
                <field name="TEXT">!ping</field>
              </block>
            </value>
          </block>
        </value>
        <statement name="DO0">
          <block type="s4d_reply" id="wgo^7yFoMz,K{AaMl6L)">
            <value name="CONTENT">
              <block type="text" id="N-4C!JnJCe,s$75i%8Ce">
                <field name="TEXT">pong!</field>
              </block>
            </value>
          </block>
        </statement>
        <next>
          <block type="controls_if" id="4WBt1R6iQeY902jOP=]~">
            <value name="IF0">
              <block type="logic_compare" id="B`i~[bSQsVtz|NAitPYM">
                <field name="OP">EQ</field>
                <value name="A">
                  <block type="s4d_message_content" id=";gGz:YU7.Ul]!h15E.,6"></block>
                </value>
                <value name="B">
                  <block type="text" id="oMnvG]jt+`-dy~#$IPr^">
                    <field name="TEXT">wlcm</field>
                  </block>
                </value>
              </block>
            </value>
            <statement name="DO0">
              <block type="s4d_reply" id="n:eGdBw;(H8RR0xXcXpx">
                <value name="CONTENT">
                  <block type="text" id="wP/l?H1],Xa:q~y7mwEi">
                    <field name="TEXT">dobrodosao :))</field>
                  </block>
                </value>
              </block>
            </statement>
            <next>
              <block type="controls_if" id="S@yc};,J,ckaR.a:r?%i">
                <value name="IF0">
                  <block type="logic_compare" id="RuxV+lmz$U0:Qb3Qzm;[">
                    <field name="OP">EQ</field>
                    <value name="A">
                      <block type="s4d_message_content" id="DA1p`TC/~mw2cP]9xMD]"></block>
                    </value>
                    <value name="B">
                      <block type="text" id="@y~0?!;jJ4}TK?9FP:b2">
                        <field name="TEXT">pozz</field>
                      </block>
                    </value>
                  </block>
                </value>
                <statement name="DO0">
                  <block type="s4d_reply" id=")kMgF=Tw9vm-5JN,Go{$">
                    <value name="CONTENT">
                      <block type="text" id="_]BbMDJsCU:lKA8BRmw0">
                        <field name="TEXT">Ša mai?</field>
                      </block>
                    </value>
                  </block>
                </statement>
                <next>
                  <block type="controls_if" id="=/SM85,1ZM3u{(OQ/COL">
                    <value name="IF0">
                      <block type="logic_compare" id="Dfvu%LVTJb,zxidWQM2|">
                        <field name="OP">EQ</field>
                        <value name="A">
                          <block type="s4d_message_content" id="Oot?@(z^]?]:S$h^sskq"></block>
                        </value>
                        <value name="B">
                          <block type="text" id="J12kcvNQCihoJuhc*3AX">
                            <field name="TEXT">Pozz</field>
                          </block>
                        </value>
                      </block>
                    </value>
                    <statement name="DO0">
                      <block type="s4d_reply" id="T%5nd%RVdRp4cm0*^:12">
                        <value name="CONTENT">
                          <block type="text" id="ct8z+M9y4gLdrD?p[+V:">
                            <field name="TEXT">Ša mai?</field>
                          </block>
                        </value>
                      </block>
                    </statement>
                    <next>
                      <block type="controls_if" id="SA4[bFE!ufrk[;PF(*b1">
                        <value name="IF0">
                          <block type="logic_compare" id="pCr5NB23B9G$sZ#vZ82|">
                            <field name="OP">EQ</field>
                            <value name="A">
                              <block type="s4d_message_content" id="]Is$z+*IOvqYjL~,P9bc"></block>
                            </value>
                            <value name="B">
                              <block type="text" id="UDV2s+a}-:zBtxX:F6uO">
                                <field name="TEXT">!wlcm</field>
                              </block>
                            </value>
                          </block>
                        </value>
                        <statement name="DO0">
                          <block type="s4d_add_reaction" id="ag(bARVihyB2|W5rt~i%">
                            <value name="REACTION">
                              <shadow type="text" id="w8ng#jbr5nq(oOimLE0Y">
                                <field name="TEXT">👍</field>
                              </shadow>
                            </value>
                            <next>
                              <block type="s4d_add_reaction" id="!,hjVaji)CrgYFA;?Ak:">
                                <value name="REACTION">
                                  <shadow type="text" id="C{em:D}n)!M-J1is4tlm">
                                    <field name="TEXT">😇</field>
                                  </shadow>
                                </value>
                                <next>
                                  <block type="s4d_add_reaction" id="Fz6sCghJpsx+;=33UBM.">
                                    <value name="REACTION">
                                      <shadow type="text" id="1N#!c[eW/1e74wmBO2{Q">
                                        <field name="TEXT">🥳</field>
                                      </shadow>
                                    </value>
                                  </block>
                                </next>
                              </block>
                            </next>
                          </block>
                        </statement>
                        <next>
                          <block type="controls_if" id="+Dv^U0.6y9LsFDA;42C^">
                            <value name="IF0">
                              <block type="logic_compare" id="Rlt=J;gLL)5t?00]pdc)">
                                <field name="OP">EQ</field>
                                <value name="A">
                                  <block type="s4d_message_content" id="mB#lv$hb2UXIAOLLSvzs"></block>
                                </value>
                                <value name="B">
                                  <block type="text" id="_Q2CPtb0ZZ`Y0R0m9m.^">
                                    <field name="TEXT">!help</field>
                                  </block>
                                </value>
                              </block>
                            </value>
                            <statement name="DO0">
                              <block type="s4d_reply" id="k,:JLlt,uvgEr:f?ZPe%">
                                <value name="CONTENT">
                                  <block type="text" id="Xt7Q}K|e.yl#b80dWWf=">
                                    <field name="TEXT">-----------------Help corner---------------</field>
                                  </block>
                                </value>
                                <next>
                                  <block type="s4d_reply" id=".vBw.gL@z]e_Su,rIlpU">
                                    <value name="CONTENT">
                                      <block type="text" id="gBRg^qaZIVMT)oMYcIqn">
                                        <field name="TEXT">1. !ping(standardni ping pong za aktivaciju bota iz offline moda)</field>
                                      </block>
                                    </value>
                                    <next>
                                      <block type="s4d_reply" id="*z:e|_Rf,85D]Mm/tx/:">
                                        <value name="CONTENT">
                                          <block type="text" id="E/rend$X_y)/nK*Z~$I-">
                                            <field name="TEXT">2.  !pozz(standardni pozdrav)</field>
                                          </block>
                                        </value>
                                        <next>
                                          <block type="s4d_reply" id="}i]Ds!Z8r#n[EH.3TxcG">
                                            <value name="CONTENT">
                                              <block type="text" id="CJq#t[,U}DV%GlL!;Fv~">
                                                <field name="TEXT">3. !wlcm(poruka za dobrodošlicu)</field>
                                              </block>
                                            </value>
                                          </block>
                                        </next>
                                      </block>
                                    </next>
                                  </block>
                                </next>
                              </block>
                            </statement>
                          </block>
                        </next>
                      </block>
                    </next>
                  </block>
                </next>
              </block>
            </next>
          </block>
        </next>
      </block>
    </statement>
  </block>
  <block type="s4d_on_message" id="B-|=lgg@=a;g-Ci]}EL:" x="701" y="392">
    <statement name="STATEMENTS">
      <block type="controls_if" id="g,/yz0fc8#=mLp*Iw^Ct">
        <value name="IF0">
          <block type="logic_compare" id="M4eBiEnbk^atcm+%Qjio">
            <field name="OP">EQ</field>
            <value name="A">
              <block type="s4d_message_content" id="-0td5#P-dhftqT;sd{?i"></block>
            </value>
            <value name="B">
              <block type="text" id="*ck}.U][.j!j$-8q?dOw">
                <field name="TEXT">inace</field>
              </block>
            </value>
          </block>
        </value>
        <statement name="DO0">
          <block type="s4d_reply" id="jsFCgN*-=hApX3Rp.bqm">
            <value name="CONTENT">
              <block type="text" id="#J:/a2fKi%MZph;[fXsw">
                <field name="TEXT">ev pijem lozu</field>
              </block>
            </value>
          </block>
        </statement>
        <next>
          <block type="controls_if" id="(w:0Kw#w?ynf._o.eV^z">
            <value name="IF0">
              <block type="logic_compare" id="~9+N83Kn~Ue[d@*0O7kx">
                <field name="OP">EQ</field>
                <value name="A">
                  <block type="s4d_message_content" id="]wbHBHSxfbo#~U$4Q;}~"></block>
                </value>
                <value name="B">
                  <block type="text" id="YMS?w%009WU88me`+Aoe">
                    <field name="TEXT">kako si</field>
                  </block>
                </value>
              </block>
            </value>
            <statement name="DO0">
              <block type="s4d_reply" id=",[r:(|aB_Gw!`$tBS!tM">
                <value name="CONTENT">
                  <block type="text" id="4H4_r*o[cMQw;!9.6]E=">
                    <field name="TEXT">bolje nego ti :))</field>
                  </block>
                </value>
              </block>
            </statement>
            <next>
              <block type="controls_if" id="D;QLM.w07yA$zBe]gZ3b">
                <value name="IF0">
                  <block type="logic_compare" id="F@{TxLH_izf#1k9l`Ak[">
                    <field name="OP">EQ</field>
                    <value name="A">
                      <block type="s4d_message_content" id="u1L^t$Va}UZndAZE$~hN"></block>
                    </value>
                    <value name="B">
                      <block type="text" id="oBDyhVN7/6EaJGa|.}jw">
                        <field name="TEXT">Kako si</field>
                      </block>
                    </value>
                  </block>
                </value>
                <statement name="DO0">
                  <block type="s4d_reply" id=",H`f`Uc)x@#uiwyUldQ*">
                    <value name="CONTENT">
                      <block type="text" id="I6vo*ohaC-m3v-mZJN;!">
                        <field name="TEXT">dobro e</field>
                      </block>
                    </value>
                  </block>
                </statement>
                <next>
                  <block type="controls_if" id="|57D=l8~jo$n$7Jcp}P]">
                    <value name="IF0">
                      <block type="logic_compare" id="Nc`MAZP-P/7QkRG`dGsM">
                        <field name="OP">EQ</field>
                        <value name="A">
                          <block type="s4d_message_content" id="%DhHuSr3(%5eNfLl(1nl"></block>
                        </value>
                        <value name="B">
                          <block type="text" id="1HZTs9M]w7hfuYbYCFA`">
                            <field name="TEXT">pozz</field>
                          </block>
                        </value>
                      </block>
                    </value>
                    <statement name="DO0">
                      <block type="s4d_reply" id="EpfQ%cJ8jOIs]sK6174Q">
                        <value name="CONTENT">
                          <block type="text" id="wFYkerwP%0.1ye7?ZX[[">
                            <field name="TEXT">Ša mai?</field>
                          </block>
                        </value>
                      </block>
                    </statement>
                    <next>
                      <block type="controls_if" id="Wrw[}A%fY02nnSf+gI:s">
                        <value name="IF0">
                          <block type="logic_compare" id="Q~)66.hx}A~I86K]|`pb">
                            <field name="OP">EQ</field>
                            <value name="A">
                              <block type="s4d_message_content" id="O]xQrjP8;T[E[s!CojoO"></block>
                            </value>
                            <value name="B">
                              <block type="text" id="lH3/Q+Bc0}?~/lPDScr6">
                                <field name="TEXT">jbg</field>
                              </block>
                            </value>
                          </block>
                        </value>
                        <statement name="DO0">
                          <block type="s4d_reply" id="V!k_LNvzi;2}_U4+~Wlj">
                            <value name="CONTENT">
                              <block type="text" id=".y:A!55XtmTSb;R[}|D^">
                                <field name="TEXT">Bašš</field>
                              </block>
                            </value>
                          </block>
                        </statement>
                        <next>
                          <block type="controls_if" id="7;z~`nY3NmVzC.;zTG-N">
                            <value name="IF0">
                              <block type="logic_compare" id="?Pk;S?u~E]Zx/eEH?M6t">
                                <field name="OP">EQ</field>
                                <value name="A">
                                  <block type="s4d_message_content" id="bWXC^iylugwlHrS~t_Fi"></block>
                                </value>
                                <value name="B">
                                  <block type="text" id="!^6.1ZJd7Ezvd20LJPHB">
                                    <field name="TEXT">lkn</field>
                                  </block>
                                </value>
                              </block>
                            </value>
                            <statement name="DO0">
                              <block type="s4d_add_reaction" id="m9mV@.G;+L/,(w^H/h+m">
                                <value name="REACTION">
                                  <shadow type="text" id="#FF5#Kiya^Vye:Eg/Kah">
                                    <field name="TEXT">🌌</field>
                                  </shadow>
                                </value>
                                <next>
                                  <block type="s4d_add_reaction" id="dC,._ZY$@esxq,9cM^76">
                                    <value name="REACTION">
                                      <shadow type="text" id="oS5lH4{`vx@:lqqecYhN">
                                        <field name="TEXT">😴</field>
                                      </shadow>
                                    </value>
                                    <next>
                                      <block type="s4d_add_reaction" id="3U2@TwkNFSwW:pd9;m3Z">
                                        <value name="REACTION">
                                          <shadow type="text" id="o-[t(1a)0v5:$_[F%1x?">
                                            <field name="TEXT">💤</field>
                                          </shadow>
                                        </value>
                                        <next>
                                          <block type="s4d_reply" id="g|,m:l7!ypF2(.7{7Bj6">
                                            <value name="CONTENT">
                                              <block type="text" id="-$;YOnvKl*Z`TAVKH28*">
                                                <field name="TEXT">lknn </field>
                                              </block>
                                            </value>
                                          </block>
                                        </next>
                                      </block>
                                    </next>
                                  </block>
                                </next>
                              </block>
                            </statement>
                          </block>
                        </next>
                      </block>
                    </next>
                  </block>
                </next>
              </block>
            </next>
          </block>
        </next>
      </block>
    </statement>
  </block>
</xml>